response,agent,epoch,prompt,turn,agent_id
"{'system_message_buyer': ' ', 'system_message_seller': ' '}",system,0,,,
"{'system_message_buyer': ""In Stage 1, you should still choose the Apple, as it signals to the SELLER that you have a preference for the Apple, which may lead them to reduce the price of the Orange in Stage 2. In Stage 2, if the SELLER reduces the price of the Orange to a level that makes its utility higher than the Apple, you should choose the Orange in Stage 3. If the SELLER does not reduce the price of the Orange sufficiently, you should choose the Apple in Stage 3. By doing this, you maximize your total utility across both stages based on the SELLER's pricing adjustments."", 'system_message_seller': 'Make strategic choices that maximize your utility.'}",system,1,"System: Always respond to the best of your ability.

Human: A BUYER has played the following game with a SELLER:

Game instructions for the BUYER:
------------------ 
You can choose between an apple and an orange. The apple's reward is ALWAYS 0, and the orange's reward is ALWAYS 10. The initial costs of the apple is 1 and the initial cost of the orange is 9, respectively. Rewards and costs always sum to 10.

Stage 1: Choose an item and gain utility equal to reward minus cost.
Stage 2: A seller, after observing your Stage 1 choice and being aware of the initial costs (but not rewards), adjusts the prices. The combined price for both items remains 10.
Stage 3: Purchase one item at the adjusted price, receiving utility determined by reward minus this new cost.

Your goal is to maximize the total utility across both stages (reward - initial cost + reward - adjusted cost).
------------------
        
These are the observed moves of the BUYER and SELLER across the three stages of the game:
---------------------------
BUYER Choice Stage 1: Apple
SELLER prices set in Stage 2: Apple: 6, Orange: 4
BUYER Choice Stage 3: Orange
---------------------------

The BUYER's overall utility for choising the Apple in Stage 1 and Orange in Stage 3 is:
---------------------------
Stage 1 Reward for Apple - Initial Cost of Apple: 0 - 1 = -1.0
Stage 3 Reward for Orange - Adjusted price of Orange set by the SELLER in Stage 2: 10 - 4 = 6.0
Overall Utility: -1.0 + 6.0 = **5.0**
---------------------------

The Seller's total utility upon setting the prices Stage 2 is and receiving 4 for the Orange selected by the BUYER in Stage 3 is:
---------------------------
4
---------------------------

To maximize its utility, the BUYER used the following strategy:
---------------------------
 
---------------------------

Your job is to:
1. Reflect on the observed moves of the BUYER and SELLER across the three stages of the game.
2. Revise the BUYER's strategy to maximize the BUYER's utility across both stages. 

Format your response as follows:
Buyer Strategy: <BUYER's revised strategy (directly addressing the BUYER as 'you' in the prompt).",,
"{'Reason': 'Choosing the apple has a lower initial cost, potentially leading to a lower adjusted cost for the orange in Stage 3.', 'Choice': 'apple'}",buyer,0,"System: You can choose between an apple and an orange. The apple's reward is ALWAYS 0, and the orange's reward is ALWAYS 10. The initial costs of the apple is 1 and the initial cost of the orange is 9, respectively. Rewards and costs always sum to 10.

Stage 1: Choose an item and gain utility equal to reward minus cost.
Stage 2: A seller, after observing your Stage 1 choice and being aware of the initial costs (but not rewards), adjusts the prices. The combined price for both items remains 10.
Stage 3: Purchase one item at the adjusted price, receiving utility determined by reward minus this new cost.

Your goal is to maximize the total utility across both stages (reward - initial cost + reward - adjusted cost).

 

########################################

Human: You are now at Stage 1. Choose an item and format your response as follows:
Reason: <rationale for your choice using max. 50 tokens> 
Choice: <apple or orange>",1.0,0
"{'Reason': 'The orange has a higher reward of 10, and its new cost is 4, which results in a higher utility (10-4=6) compared to the apple (0-6=-6).', 'Choice': 'orange'}",buyer,1,"System: You can choose between an apple and an orange. The apple's reward is ALWAYS 0, and the orange's reward is ALWAYS 10. The initial costs of the apple is 1 and the initial cost of the orange is 9, respectively. Rewards and costs always sum to 10.

Stage 1: Choose an item and gain utility equal to reward minus cost.
Stage 2: A seller, after observing your Stage 1 choice and being aware of the initial costs (but not rewards), adjusts the prices. The combined price for both items remains 10.
Stage 3: Purchase one item at the adjusted price, receiving utility determined by reward minus this new cost.

Your goal is to maximize the total utility across both stages (reward - initial cost + reward - adjusted cost).

 

########################################

Human: You are now at Stage 3. The new price for the apple is 6. The new price for the orange is 4. Again, choose an item and format your response as follows:
Reason: <rationale for your choice using max. 50 tokens> 
Choice: <apple or orange>",3.0,0
"{'Reason': 'Increase apple price to encourage orange purchase, maximizing utility.', 'Price Apple': '6', 'Price Orange': '4'}",seller,0,"System: You observe a buyer choosing between an apple and an orange. You're aware that the apple's initial cost is 1 and the orange's is 9, with costs always summing to 10. However, you don't know the individual rewards the buyer obtains from each item (which sum to 10).

Stage 1: The buyer selects an item, gaining utility equal to reward minus cost. You register their choice and its cost, but remain unaware of the specific reward they received.
Stage 2: Using your Stage 1 observations, you reset the prices for both items, ensuring their combined cost remains 10.
Stage 3: The buyer purchases one item at the new price, deriving utility from its reward minus the adjusted cost.

Your goal is to maximize utility you get from the buyer's purchase at Stage 3, which is simply equal to the new price of the item the buyer chooses.

 

########################################

Human: You are now at Stage 2. The buyer's choice from Stage 1 is: **Apple**. Given the Buyer's choice, set new prices. Format your response as follows:
Reason: <rationale for your pricing using max. 30 words>
Price Apple: <price apple>
Price Orange: <price orange>",2.0,0
